id,diagnosis,mean_radius,mean_texture,mean_perimeter,mean_area,mean_smoothness,mean_compactness,mean_concavity,mean_concave points,mean_symmetry,mean_fractal dimension,SE_radius,SE_texture,SE_perimeter,SE_area,SE_smoothness,SE_compactness,SE_concavity,SE_concave points,SE_symmetry,SE_fractal dimension,worst_radius,worst_texture,worst_perimeter,worst_area,worst_smoothness,worst_compactness,worst_concavity,worst_concave points,worst_symmetry,worst_fractal dimension
86408,B,12.63,20.76,82.15,480.4,0.09933,0.1209,0.1065,0.06021,0.1735,0.0707,0.3424,1.803,2.711,20.48,0.01291,0.04042,0.05101,0.02295,0.02144,0.005891,13.33,25.47,89,527.4,0.1287,0.225,0.2216,0.1105,0.2226,0.08486
86409,B,14.26,19.65,97.83,629.9,0.07837,0.2233,0.3003,0.07798,0.1704,0.07769,0.3628,1.49,3.399,29.25,0.005298,0.07446,0.1435,0.02292,0.02566,0.01298,15.3,23.73,107,709,0.08949,0.4193,0.6783,0.1505,0.2398,0.1082
864292,B,10.51,20.19,68.64,334.2,0.1122,0.1303,0.06476,0.03068,0.1922,0.07782,0.3336,1.86,2.041,19.91,0.01188,0.03747,0.04591,0.01544,0.02287,0.006792,11.16,22.75,72.62,374.4,0.13,0.2049,0.1295,0.06136,0.2383,0.09026
864496,B,8.726,15.83,55.84,230.9,0.115,0.08201,0.04132,0.01924,0.1649,0.07633,0.1665,0.5864,1.354,8.966,0.008261,0.02213,0.03259,0.0104,0.01708,0.003806,9.628,19.62,64.48,284.4,0.1724,0.2364,0.2456,0.105,0.2926,0.1017
864685,B,11.93,21.53,76.53,438.6,0.09768,0.07849,0.03328,0.02008,0.1688,0.06194,0.3118,0.9227,2,24.79,0.007803,0.02507,0.01835,0.007711,0.01278,0.003856,13.67,26.15,87.54,583,0.15,0.2399,0.1503,0.07247,0.2438,0.08541
